Original Rank,Name,Platform,Year,Genre,Publisher,NA_Sales,EU_Sales,JP_Sales,Other_Sales,Original Global_Sales,Reason For Removal
15002,Wii de Asobu: Metroid Prime,Wii,N/A,Shooter,Nintendo,0,0,0.02,0,0.02,"Duplicate - Same Platform, Year, Genre, Publisher, and Sales values as another record. Different only in rank. Kept first record of this game to avoid double-counting sales."
16130,Madden NFL 13,PS3,2012,Sports,Electronic Arts,0,0.01,0,0,0.01,"Duplicate/Alternate - Same Platform, Year, Genre, and Publisher as another record. This record only contained EU_Sales data while the primary record contained complete regional sales. The relationship between these records could not be established, so the secondary record was excluded to avoid potential double-counting."
15868,PDC World Championship Darts 2008,DS,N/A,Sports,Unknown,0.01,0,0,0,0.02,Incorrect Record - Verified that this game was not released on the DS platform
16201,AKB1/48: Idol to Guam de Koishitara...,X360,N/A,Misc,N/A,0,0,0.01,0,0.01,Incorrect Record - Verified that this game was not released on the X360 platform
16232,Brothers in Arms: Furious 4,X360,N/A,Shooter,N/A,0.01,0,0,0,0.01,Incorrect Record - Verified that this game was not released on the X360 platform
14315,Majesty 2: The Fantasy Kingdom Sim,X360,N/A,Simulation,Unknown,0.03,0,0,0,0.03,Incorrect Record - Verified that this game was not released on the X360 platform
9006,"Lunar 2: Eternal Blue(sales, but wrong system)",GEN,1994,Role-Playing,Game Arts,0,0,0.14,0,0.14,Incorrect Record - Verified that this game was not released on the Sega Genesis platform
16063,"Pachi-Slot Teiou: Golgo 13 Las Vegas (JP sales, but wrong system)",PS2,2002,Misc,Media Entertainment,0,0,0.01,0,0.01,Incorrect Record - Verified that this game was not released on the PS2 platform
15885,Earth Defense Force 2017 (old JP sales),X360,2006,Shooter,D3Publisher,0,0,0.02,0,0.02,"Duplicate/Alternate - Same Platform, Year, and Publisher as another record. ""Old JP sales"" in the title indicated that this record was outdated. This secondary record was excluded to avoid potential double-counting."
3637,The Godfather (old US sales),XB,2006,Action,Electronic Arts,0.42,0.11,0,0.02,0.55,"Duplicate/Alternate - Same Platform, Year, Genre, and Publisher as another record. ""Old US sales"" in the title indicated that this record was outdated. This secondary record was excluded to avoid potential double-counting, and the original record was altered to remove ""US Sales"" from the title and marked as a Original Data - Standardized Title on the Cleaned_vgsales_V2 sheet"
1136,Tony Hawk's American Wasteland (Old all region sales),PS2,2005,Sports,Activision,0.8,0.63,0.01,0.19,1.62,"Duplicate/Alternate - Same Platform, Year, Genre, and Publisher as another record. ""Old all region sales"" in the title indicated that this record was outdated. The original record appeared to be the more updated observation. This secondary record was excluded to avoid potential double-counting, and the original record was altered to remove ""Weekly american sales"" from the title and marked as a Original Data - Standardized Title on the Cleaned_vgsales_V2 sheet"
7238,Dragon Ball: Origins (JP & incomplete US sales),DS,2008,Adventure,Atari,0.04,0,0.17,0,0.22,"Duplicate/Alternate - Same Platform, Year, and Publisher as another record. ""JP & incomplete US sales"" in the title indicated that this record was incomplete. This secondary record was excluded to avoid potential double-counting."
7865,Chou-Kuukan Night Pro Yakyuu King (weekly JP sales),N64,1996,Sports,Imagineer,0,0,0.19,0,0.19,"Duplicate/Alternate - Same Platform, Year, Genre, and Publisher as another record. The original record contained ""higher JP sales"" and appeared to be an updated version of this record. This secondary record was excluded to avoid potential double-counting, and the original record was altered to remove ""higher JP sales"" from the title and marked as a Original Data - Standardized Title on the Cleaned_vgsales_V2 sheet"
13613,FIFA Soccer 2003 (weekly jp sales),PS2,2002,Sports,Electronic Arts,0,0,0.04,0,0.04,"Duplicate/Alternate - Same Platform, Year, Genre, and Publisher as another record. The original record contained measures for each of the regions, while this record was incomplete. This secondary record was excluded to avoid potential double-counting."
8051,International Superstar Soccer 2000 (JP weekly sales),N64,1999,Sports,Konami Digital Entertainment,0,0,0.18,0,0.18,"Duplicate/Alternate - Same Platform, Year, Genre, and Publisher as another record. The original record contained measures for each of the regions, and was labeled as ""all region sales"", while this record was incomplete. This secondary record was excluded to avoid potential double-counting, and the original record was altered to remove ""all region sales"" from the title and marked as a Original Data - Standardized Title on the Cleaned_vgsales_V2 sheet"
13104,Medal of Honor: European Assault (weekly JP sales),PS2,2005,Shooter,Electronic Arts,0,0,0.05,0,0.05,"Duplicate/Alternate - Same Platform, Year, Genre, and Publisher as another record. The original record contained measures for each of the regions, and was labeled as ""all region sales"", while this record was incomplete. This secondary record was excluded to avoid potential double-counting, and the original record was altered to remove ""all region sales"" from the title and marked as a Original Data - Standardized Title on the Cleaned_vgsales_V2 sheet"
10471,Mickey's Speedway USA (weekly JP sales),N64,2000,Racing,Nintendo,0,0,0.1,0,0.1,"Duplicate/Alternate - Same Platform, Year, Genre, and Publisher as another record. The original record contained measures for each of the regions, while this record was incomplete. This secondary record was excluded to avoid potential double-counting."
12519,Prinny: Can I Really Be The Hero? (US sales),PSP,N/A,Action,N/A,0.06,0,0,0,0.06,"Duplicate/Alternate - Same Platform as another record, but different genre with the rest of the information incomplete. Verified that there was no other release with this title for this platform than the original record. The original record contained measures for each of the regions, while this record was incomplete. This secondary record was excluded to avoid potential double-counting."
6890,Ratchet & Clank: Going Commando (JP weekly sales),PS2,2003,Action,Sony Computer Entertainment,0,0,0.24,0,0.24,"Duplicate/Alternate - Same Platform, Year, and Publisher as another record. The original record contained measures for each of the regions and had a verified genre, while this record was incomplete. This secondary record was excluded to avoid potential double-counting."
7067,Tetris 2 (weekly jp sales),GB,1992,Puzzle,Nintendo,0,0,0.23,0,0.23,"Duplicate/Alternate - Same Platform, Year, Genre, and Publisher as another record. The original record contained measures for each of the regions, and was labeled as ""all region sales"", while this record was incomplete. This secondary record was excluded to avoid potential double-counting, and the original record was altered to remove ""all region sales"" from the title and marked as a Original Data - Standardized Title on the Cleaned_vgsales_V2 sheet"
16014,Tom Clancy's Ghost Recon Advanced Warfighter (weekly JP sales),X360,2006,Shooter,Ubisoft,0,0,0.01,0,0.01,"Duplicate/Alternate - Same Platform, Year, Genre, and Publisher as another record. The original record contained measures for each of the regions, while this record was incomplete. This secondary record was excluded to avoid potential double-counting."
12567,World Soccer Winning Eleven 9 (US sales),PSP,2005,Sports,Konami Digital Entertainment,0.05,0,0,0,0.06,"Duplicate/Alternate - Same Platform, Year, Genre, and Publisher as another record. The original record contained measures for each of the regions, while this record was incomplete. This secondary record was excluded to avoid potential double-counting, and the original record was altered to remove ""JP & others sales"" from the title and marked as a Original Data - Standardized Title on the Cleaned_vgsales_V2 sheet"
5304,Dragon Ball Z: Budokai Tenkaichi 2 (JP sales),Wii,N/A,Action,N/A,0.15,0.05,0.14,0.01,0.35,"Duplicate/Alternate - Same Platform as another record, but different genre with the rest of the information incomplete. Verified that there was no other release with this title for this platform than the original record. This record is incomplete and appears to be a secondary/partial sales record. This secondary record was excluded to avoid potential double-counting."
5645,Gold's Gym: Cardio Workout (Others sales),Wii,2008,Sports,Ubisoft,0,0.3,0,0.02,0.32,"Duplicate/Alternate - Same Platform, Year, Genre, and Publisher as another record. This record is incomplete and appears to be a secondary/partial sales record. This secondary record was excluded to avoid potential double-counting."
16468,Help Wanted: 50 Wacky Jobs (jp sales),Wii,2008,Simulation,Hudson Soft,0,0.01,0.01,0,0.01,"Duplicate/Alternate - Same Platform, Year, Genre, and Publisher as another record. This record is incomplete and appears to be a secondary/partial sales record. This secondary record was excluded to avoid potential double-counting."
10639,International Superstar Soccer 64 (weekly JP sales),N64,1997,Sports,Konami Digital Entertainment,0,0,0.05,0.05,0.1,"Duplicate/Alternate - Same Platform, Year, Genre, and Publisher as another record. This record is incomplete and appears to be a secondary/partial sales record. This secondary record was excluded to avoid potential double-counting."
7383,Naruto: Clash of Ninja (JP sales),GC,2003,Fighting,Tomy Corporation,0,0,0.21,0.01,0.21,"Duplicate/Alternate - Same Platform, Year, Genre, and Publisher as another record. This record is incomplete and appears to be a secondary/partial sales record. This secondary record was excluded to avoid potential double-counting."
5762,Naruto: Ninja Destiny (US sales),DS,2006,Fighting,Namco Bandai Games,0.31,0,0,0,0.31,"Duplicate/Alternate - Same Platform, Year, Genre, and Publisher as another record. This record is incomplete and appears to be a secondary/partial sales record. This secondary record was excluded to avoid potential double-counting."
6910,Scrabble (Others sales),DS,2009,Puzzle,Ubisoft,0,0.24,0,0,0.24,"Duplicate/Alternate - Same Platform, Year, and Publisher as another record. This record is incomplete and appears to be a secondary/partial sales record. Genre verified as Misc. This secondary record was excluded to avoid potential double-counting."
3657,Secret Agent Clank(US sales),PSP,2008,Platform,Sony Computer Entertainment,0.33,0.22,0,0,0.55,"Duplicate/Alternate - Same Platform, Year, Genre, and Publisher as another record. This record is incomplete and appears to be a secondary/partial sales record. This secondary record was excluded to avoid potential double-counting."
4600,SpongeBob's Truth or Square (US sales),DS,2009,Action,THQ,0.42,0,0,0,0.42,"Duplicate/Alternate - Same Platform, Year, Genre, and Publisher as another record. This record is incomplete and appears to be a secondary/partial sales record. This secondary record was excluded to avoid potential double-counting."
4905,SpongeBob's Truth or Square (US sales),PSP,2009,Action,THQ,0.39,0,0,0,0.39,"Duplicate/Alternate - Same Platform, Year, Genre, and Publisher as another record. This record is incomplete and appears to be a secondary/partial sales record. This secondary record was excluded to avoid potential double-counting."
6670,SpongeBob's Truth or Square (US sales),X360,2009,Action,THQ,0.25,0,0,0,0.25,"Duplicate/Alternate - Same Platform, Year, Genre, and Publisher as another record. This record is incomplete and appears to be a secondary/partial sales record. This secondary record was excluded to avoid potential double-counting."
3034,Summer Sports: Paradise Island (Others sales),Wii,2008,Sports,Ubisoft,0,0.66,0,0.01,0.67,"Duplicate/Alternate - Same Platform, Year, Genre, and Publisher as another record. This record is incomplete and appears to be a secondary/partial sales record. This secondary record was excluded to avoid potential double-counting."
4158,The Godfather (JP sales),PS2,2006,Action,Electronic Arts,0.39,0.02,0,0.06,0.47,"Duplicate/Alternate - Same Platform, Year, Genre, and Publisher as another record. This record appears to be a secondary/partial sales record. This secondary record was excluded to avoid potential double-counting."
6274,The Legend of Zelda: The Minish Cap(weekly JP sales),GBA,N/A,Action,N/A,0,0,0.27,0.01,0.27,"Duplicate/Alternate - Same Platform and Genre as another record with the rest of the information incomplete. The original record contained measures for each of the regions, while this record was incomplete. This secondary record was excluded to avoid potential double-counting."
6063,The Urbz: Sims In the City (US weekly sales),DS,2004,Simulation,Electronic Arts,0.27,0,0,0.02,0.29,"Duplicate/Alternate - Same Platform, Year, Genre, and Publisher as another record. The original record and was labeled as ""all region sales"", and this record was incomplete. This secondary record was excluded to avoid potential double-counting, and the original record was altered to remove ""all region sales"" from the title and marked as a Original Data - Standardized Title on the Cleaned_vgsales_V2 sheet"
6596,Tomb Raider: Underworld (Others sales),PS2,2009,Adventure,Eidos Interactive,0,0.21,0,0.04,0.26,"Duplicate/Alternate - Same Platform, Year, and Publisher as another record. This record appears to be a secondary/partial sales record. Genre verified as Action. This secondary record was excluded to avoid potential double-counting."
6506,TouchMaster 3(Others sales),DS,2009,Puzzle,Warner Bros. Interactive Entertainment,0,0.24,0,0.02,0.26,"Duplicate/Alternate - Same Platform, Year, Genre, and Publisher as another record. This record is incomplete and appears to be a secondary/partial sales record. This secondary record was excluded to avoid potential double-counting."
4095,Yu-Gi-Oh! Forbidden Memories (JP sales),PS,1999,Role-Playing,Konami Digital Entertainment,0,0,0.45,0.03,0.48,"Duplicate/Alternate - Same Platform, Year, Genre, and Publisher as another record. This record is incomplete and appears to be a secondary/partial sales record. This secondary record was excluded to avoid potential double-counting."
4758,Yu-Gi-Oh! The Eternal Duelist Soul (JP sales),GBA,2001,Misc,Konami Digital Entertainment,0,0,0.4,0.01,0.41,"Duplicate/Alternate - Same Platform, Year, and Publisher as another record. This record is incomplete and appears to be a secondary/partial sales record. Genre confirmed as Strategy. This secondary record was excluded to avoid potential double-counting."
1358,NBA Live 06 (Weekly american sales),PS2,2005,Sports,Electronic Arts,1.35,0.05,0,0.02,1.42,"Duplicate/Alternate - Same Platform, Year, Genre, and Publisher as another record. This record appears to be a secondary/partial sales record.This secondary record was excluded to avoid potential double-counting, and the original record was altered to remove ""all region sales"" from the title and marked as a Original Data - Standardized Title on the Cleaned_vgsales_V2 sheet"
789,Project Gotham Racing (JP weekly sales),XB,2002,Action,Microsoft Game Studios,1.54,0.44,0.04,0.07,2.1,Duplicate/Alternate - Same Platform and Publisher as another record. This record has conflicting information and appears to be a secondary/partial sales record. Genre confirmed as Racing. This secondary record was excluded to avoid potential double-counting.
1468,Ratchet & Clank: Up Your Arsenal (Weekly american sales),PS2,2004,Platform,Sony Computer Entertainment,1.27,0.05,0,0.02,1.33,"Duplicate/Alternate - Same Platform, Year, Genre, and Publisher as another record. This record is incomplete and appears to be a secondary/partial sales record.This secondary record was excluded to avoid potential double-counting."
12067,Street Fighter II': Special Champion Edition (JP weekly sales),GEN,1993,Action,Capcom,0,0,0.07,0,0.07,"Duplicate/Alternate - Same Platform as another record. This record has conflicting information, is incomplete, and appears to be a secondary/partial sales record.Verified Genre, Year, and Publisher of original record. This secondary record was excluded to avoid potential double-counting."
7298,Summer Athletics: The Ultimate Challenge (Others sales),Wii,2008,Sports,DTP Entertainment,0,0.2,0,0.01,0.22,"Duplicate/Alternate - Same Platform, Year, Genre, and Publisher as another record. This record  appears to be a secondary/partial sales record.This secondary record was excluded to avoid potential double-counting, and the original record was altered to remove ""US sales"" from the title and marked as a Original Data - Standardized Title on the Cleaned_vgsales_V2 sheet"
1754,Yu-Gi-Oh! The Sacred Cards (American and Others sales),GBA,2002,Role-Playing,Konami Digital Entertainment,0.84,0.27,0,0.05,1.16,"Duplicate/Alternate - Same Platform, Year, Genre, and Publisher as another record. This record has conflicting information and appears to be a secondary/partial sales record.This secondary record was excluded to avoid potential double-counting."
6332,Yu-Gi-Oh! The Sacred Cards (JP weekly sales),GBA,2002,Role-Playing,Konami Digital Entertainment,0,0,0.26,0.01,0.27,"Duplicate/Alternate - Same Platform, Year, Genre, and Publisher as another record. This record has conflicting information and appears to be a secondary/partial sales record.This secondary record was excluded to avoid potential double-counting."
10419,Winning Eleven: Pro Evolution Soccer 2007,X360,2006,Sports,Konami Digital Entertainment,0.09,0,0,0.01,0.1,"Duplicate/Alternate - Same Platform, Year, Genre, and Publisher as another record. This record has conflicting information and appears to be a secondary/partial sales record.This secondary record was excluded to avoid potential double-counting, and the original record was altered to remove ""all region sales"" from the title and marked as a Original Data - Standardized Title on the Cleaned_vgsales_V2 sheet"
7109,.hack//G.U. Vol.2//Reminisce,PS2,2006,Role-Playing,Namco Bandai Games,0.11,0.09,0,0.03,0.23,"Regional Alternate - Merged with below corresponding record to avoid double-counting, determined that they represent the same release. "
8604,.hack//G.U. Vol.2//Reminisce (jp sales),PS2,2006,Role-Playing,Namco Bandai Games,0,0,0.16,0,0.16,"Regional Alternate - Merged with above corresponding record to avoid double-counting, determined that they represent the same release. "
5463,Ape Escape Academy,PSP,2004,Misc,Sony Computer Entertainment,0.13,0.15,0,0.05,0.33,"Regional Alternate - Merged with below corresponding record to avoid double-counting, determined that they represent the same release. "
9234,Ape Escape Academy (jp sales),PSP,2004,Misc,Sony Computer Entertainment,0,0,0.13,0,0.14,"Regional Alternate - Merged with above corresponding record to avoid double-counting, determined that they represent the same release. "
13771,Atelier Iris 3: Grand Phantasm (JP Sales),PS2,2006,Role-Playing,Tecmo Koei,0,0,0.04,0,0.04,"Regional Alternate - Merged with below corresponding record to avoid double-counting, determined that they represent the same release. "
6003,Atelier Iris 3: Grand Phantasm (US Sales),PS2,2006,Role-Playing,Tecmo Koei,0.14,0.11,0,0.04,0.29,"Regional Alternate - Merged with above corresponding record to avoid double-counting, determined that they represent the same release. "
4435,Battlefield 2: Modern Combat,PS2,2005,Shooter,Electronic Arts,0.37,0.01,0,0.06,0.44,"Regional Alternate - Merged with below corresponding record to avoid double-counting, determined that they represent the same release. "
14939,Battlefield 2: Modern Combat(JP sales),PS2,2005,Shooter,Electronic Arts,0,0,0.02,0,0.02,"Regional Alternate - Merged with above corresponding record to avoid double-counting, determined that they represent the same release. "
8721,Bleach: Dark Souls,DS,2007,Fighting,Sega,0.12,0.02,0,0.01,0.15,"Regional Alternate - Merged with below corresponding record to avoid double-counting, determined that they represent the same release. "
10667,Bleach: Dark Souls (JP sales),DS,2007,Fighting,Sega,0,0,0.1,0,0.1,"Regional Alternate - Merged with above corresponding record to avoid double-counting, determined that they represent the same release. "
8733,Bomberman,PSP,2006,Puzzle,Konami Digital Entertainment,0.14,0,0,0.01,0.15,"Regional Alternate - Merged with below corresponding record to avoid double-counting, determined that they represent the same release. "
15995,Bomberman (jp sales),PSP,2006,Puzzle,Konami Digital Entertainment,0,0,0.01,0,0.01,"Regional Alternate - Merged with above corresponding record to avoid double-counting, determined that they represent the same release. "
10190,Brave Story: New Traveler (US sales),PSP,2006,Role-Playing,Sony Computer Entertainment,0.11,0,0,0,0.11,"Regional Alternate - Merged with below corresponding record to avoid double-counting, determined that they represent the same release. "
13411,Brave Story: New Traveller (jp sales),PSP,2006,Role-Playing,Sony Computer Entertainment,0,0,0.05,0,0.05,"Regional Alternate - Merged with above corresponding record to avoid double-counting, determined that they represent the same release. "
4223,Dance Dance Revolution: Mario Mix,GC,2005,Misc,Nintendo,0.36,0.09,0,0.01,0.47,"Regional Alternate - Merged with below corresponding record to avoid double-counting, determined that they represent the same release. Genre verified as Misc."
12772,Dance Dance Revolution: Mario Mix (JP sales),GC,2005,Simulation,Nintendo,0,0,0.05,0,0.06,"Regional Alternate - Merged with above corresponding record to avoid double-counting, determined that they represent the same release. Genre verified as Misc."
10081,Digimon World DS,DS,2006,Role-Playing,Namco Bandai Games,0.1,0,0,0.01,0.11,"Regional Alternate - Merged with below corresponding record to avoid double-counting, determined that they represent the same release. "
7127,Digimon World DS (JP sales),DS,2006,Role-Playing,Namco Bandai Games,0,0,0.23,0,0.23,"Regional Alternate - Merged with above corresponding record to avoid double-counting, determined that they represent the same release. "
10552,Draglade,DS,2007,Fighting,505 Games,0.09,0,0,0.01,0.1,"Regional Alternate - Merged with below corresponding record to avoid double-counting, determined that they represent the same release. "
13828,Draglade (JP sales),DS,2007,Fighting,505 Games,0,0,0.04,0,0.04,"Regional Alternate - Merged with above corresponding record to avoid double-counting, determined that they represent the same release. "
7456,Dragon Ball Z: Harukanaru Densetsu,DS,2007,Role-Playing,Namco Bandai Games,0.19,0,0,0.02,0.21,"Regional Alternate - Merged with below corresponding record to avoid double-counting, determined that they represent the same release. "
8741,Dragon Ball Z: Harukanaru Densetsu (JP sales),DS,2007,Role-Playing,Namco Bandai Games,0,0,0.15,0,0.15,"Regional Alternate - Merged with above corresponding record to avoid double-counting, determined that they represent the same release. "
6728,Dynasty Warriors 6,PS2,2008,Action,Tecmo Koei,0.12,0.09,0,0.03,0.25,"Regional Alternate - Merged with below corresponding record to avoid double-counting, determined that they represent the same release. "
6661,Dynasty Warriors 6 (JP sales),PS2,2008,Action,Tecmo Koei,0,0,0.25,0,0.25,"Regional Alternate - Merged with above corresponding record to avoid double-counting, determined that they represent the same release. "
13254,Dynasty Warriors Vol. 2,PSP,2006,Action,Tecmo Koei,0.04,0,0,0,0.05,"Regional Alternate - Merged with below corresponding record to avoid double-counting, determined that they represent the same release. "
13900,Dynasty Warriors Vol. 2 (JP sales),PSP,2006,Action,Tecmo Koei,0,0,0.04,0,0.04,"Regional Alternate - Merged with above corresponding record to avoid double-counting, determined that they represent the same release. "
7504,Enchanted Arms,PS3,2007,Role-Playing,Ubisoft,0.17,0.01,0,0.02,0.2,"Regional Alternate - Merged with below corresponding record to avoid double-counting, determined that they represent the same release. "
14011,Enchanted Arms (JP sales),PS3,2007,Role-Playing,Ubisoft,0,0,0.04,0,0.04,"Regional Alternate - Merged with above corresponding record to avoid double-counting, determined that they represent the same release. "
7766,Enchanted Arms,X360,2006,Role-Playing,Ubisoft,0.16,0.02,0,0.02,0.19,"Regional Alternate - Merged with below corresponding record to avoid double-counting, determined that they represent the same release. "
15100,Enchanted Arms (JP sales),X360,2006,Role-Playing,Ubisoft,0,0,0.02,0,0.02,"Regional Alternate - Merged with above corresponding record to avoid double-counting, determined that they represent the same release. "
9139,Eternal Poison,PS2,2008,Role-Playing,Banpresto,0.07,0.05,0,0.02,0.14,"Regional Alternate - Merged with below corresponding record to avoid double-counting, determined that they represent the same release. "
9456,Eternal Poison (JP sales),PS2,2008,Role-Playing,Banpresto,0,0,0.13,0,0.13,"Regional Alternate - Merged with above corresponding record to avoid double-counting, determined that they represent the same release. "
13991,Fatal Fury: Battle Archives Volume 1,PS2,2006,Fighting,Ignition Entertainment,0.02,0.01,0,0,0.04,"Regional Alternate - Merged with below corresponding record to avoid double-counting, determined that they represent the same release. "
16283,Fatal Fury: Battle Archives Volume 1 (JP sales),PS2,2006,Fighting,Ignition Entertainment,0,0,0.01,0,0.01,"Regional Alternate - Merged with above corresponding record to avoid double-counting, determined that they represent the same release. "
12145,Fatal Fury: Battle Archives Volume 2,PS2,2007,Fighting,SNK Playmore,0.03,0.03,0,0.01,0.07,"Regional Alternate - Merged with below corresponding record to avoid double-counting, determined that they represent the same release. "
16187,Fatal Fury: Battle Archives Volume 2 (JP sales),PS2,2007,Fighting,SNK Playmore,0,0,0.01,0,0.01,"Regional Alternate - Merged with above corresponding record to avoid double-counting, determined that they represent the same release. "
5710,Fishing Master,Wii,2007,Misc,Konami Digital Entertainment,0.29,0,0,0.02,0.31,"Regional Alternate - Merged with below corresponding record to avoid double-counting, determined that they represent the same release. Genre verified as Sports."
12322,Fishing Master (jp sales),Wii,2007,Sports,Konami Digital Entertainment,0,0,0.06,0,0.06,"Regional Alternate - Merged with above corresponding record to avoid double-counting, determined that they represent the same release. Genre verified as Sports."
2320,Fossil Fighters,DS,2008,Role-Playing,Nintendo,0.84,0,0,0.06,0.9,"Regional Alternate - Merged with below corresponding record to avoid double-counting, determined that they represent the same release. "
5882,Fossil Fighters (JP sales),DS,2008,Role-Playing,Nintendo,0,0,0.3,0,0.3,"Regional Alternate - Merged with above corresponding record to avoid double-counting, determined that they represent the same release. "
9788,Go! Sudoku,PSP,2005,Puzzle,Sony Computer Entertainment,0.11,0,0,0.01,0.12,"Regional Alternate - Merged with below corresponding record to avoid double-counting, determined that they represent the same release. "
10207,Go! Sudoku (JP sales),PSP,2005,Puzzle,Sony Computer Entertainment,0,0,0.11,0,0.11,"Regional Alternate - Merged with above corresponding record to avoid double-counting, determined that they represent the same release. "
7268,Growlanser: Heritage of War,PS2,2006,Role-Playing,Rising Star Games,0.11,0.08,0,0.03,0.22,"Regional Alternate - Merged with below corresponding record to avoid double-counting, determined that they represent the same release. "
12953,Growlanser: Heritage of War (jp sales),PS2,2006,Role-Playing,Rising Star Games,0,0,0.05,0,0.05,"Regional Alternate - Merged with above corresponding record to avoid double-counting, determined that they represent the same release. "
9479,Harvest Moon DS (jp sales),DS,2005,Simulation,Rising Star Games,0,0,0.13,0,0.13,"Regional Alternate - Merged with below corresponding record to avoid double-counting, determined that they represent the same release. "
4121,Harvest Moon DS (US sales),DS,2005,Simulation,Rising Star Games,0.41,0.07,0,0,0.48,"Regional Alternate - Merged with above corresponding record to avoid double-counting, determined that they represent the same release. "
10666,Harvest Moon DS Cute (jp sales),DS,2005,Simulation,Marvelous Interactive,0,0,0.1,0,0.1,"Regional Alternate - Merged with below corresponding record to avoid double-counting, determined that they represent the same release. "
5935,Harvest Moon DS Cute (US sales),DS,2005,Simulation,Marvelous Interactive,0.3,0,0,0,0.3,"Regional Alternate - Merged with above corresponding record to avoid double-counting, determined that they represent the same release. "
16547,Imagine Figure Skater (JP sales),DS,2007,Sports,Ubisoft,0,0,0.01,0,0.01,"Regional Alternate - Merged with below corresponding record to avoid double-counting, determined that they represent the same release. "
4225,Imagine: Figure Skater (US sales),DS,2007,Sports,Ubisoft,0.46,0.01,0,0,0.47,"Regional Alternate - Merged with above corresponding record to avoid double-counting, determined that they represent the same release. "
16324,Jam Sessions: Sing and Play Guitar (jp sales),DS,2007,Misc,Ubisoft,0,0,0.01,0,0.01,"Regional Alternate - Merged with below corresponding record to avoid double-counting, determined that they represent the same release. "
4976,Jam Sessions: Sing and Play Guitar (US sales),DS,2007,Misc,Ubisoft,0.38,0,0,0,0.38,"Regional Alternate - Merged with above corresponding record to avoid double-counting, determined that they represent the same release. "
7049,Luminous Arc 2,DS,2008,Role-Playing,Rising Star Games,0.21,0,0,0.02,0.23,"Regional Alternate - Merged with below corresponding record to avoid double-counting, determined that they represent the same release. Publisher verified as Rising Star Games, release year verified as 2008"
10760,Luminous Arc 2 (JP sales),DS,N/A,Role-Playing,Unknown,0,0,0.1,0,0.1,"Regional Alternate - Merged with above corresponding record to avoid double-counting, determined that they represent the same release. Publisher verified as Rising Star Games, release year verified as 2008"
13395,Lux-Pain,DS,2008,Adventure,Rising Star Games,0.04,0,0,0,0.05,"Regional Alternate - Merged with below corresponding record to avoid double-counting, determined that they represent the same release. "
14492,Lux-Pain (JP sales),DS,2008,Adventure,Rising Star Games,0,0,0.03,0,0.03,"Regional Alternate - Merged with above corresponding record to avoid double-counting, determined that they represent the same release. "
13949,Magical Starsign (JP sales),DS,2006,Role-Playing,Nintendo,0,0,0.04,0,0.04,"Regional Alternate - Merged with below corresponding record to avoid double-counting, determined that they represent the same release. "
7979,Magical Starsign (US sales),DS,2006,Role-Playing,Nintendo,0.16,0.03,0,0,0.19,"Regional Alternate - Merged with above corresponding record to avoid double-counting, determined that they represent the same release. "
12697,Mana Khemia: Alchemists of Al-Revis,PS2,2007,Role-Playing,Nippon Ichi Software,0.03,0.02,0,0.01,0.06,"Regional Alternate - Merged with below corresponding record to avoid double-counting, determined that they represent the same release. "
13466,Mana Khemia: Alchemists of Al-Revis (JP sales),PS2,2007,Role-Playing,Nippon Ichi Software,0,0,0.04,0,0.04,"Regional Alternate - Merged with above corresponding record to avoid double-counting, determined that they represent the same release. "
10352,Mega Man Battle Network 5: Double Team DS (JP sales),DS,2005,Role-Playing,Nintendo,0,0,0.11,0,0.11,"Regional Alternate - Merged with below corresponding record to avoid double-counting, determined that they represent the same release. "
11883,Mega Man Battle Network 5: Double Team DS (US sales),DS,2005,Role-Playing,Nintendo,0.07,0,0,0,0.07,"Regional Alternate - Merged with above corresponding record to avoid double-counting, determined that they represent the same release. "
4227,Metal Gear Solid: The Essential Collection,PS2,2007,Adventure,Konami Digital Entertainment,0.23,0.18,0,0.06,0.46,"Regional Alternate - Merged with below corresponding record to avoid double-counting, determined that they represent the same release. "
14216,Metal Gear Solid: The Essential Collection (JP sales),PS2,2007,Adventure,Konami Digital Entertainment,0,0,0.03,0,0.03,"Regional Alternate - Merged with above corresponding record to avoid double-counting, determined that they represent the same release. "
12277,My Pet Shop,DS,2008,Simulation,Square Enix,0.06,0,0,0,0.06,"Regional Alternate - Merged with below corresponding record to avoid double-counting, determined that they represent the same release. "
14342,My Pet Shop (JP sales),DS,2008,Simulation,Square Enix,0,0,0.03,0,0.03,"Regional Alternate - Merged with above corresponding record to avoid double-counting, determined that they represent the same release. "
1881,Namco Museum Battle Collection,PSP,2005,Misc,Sony Computer Entertainment,0.75,0.18,0,0.16,1.09,"Regional Alternate - Merged with below corresponding record to avoid double-counting, determined that they represent the same release. "
15116,Namco Museum Battle Collection (JP sales),PSP,2005,Misc,Sony Computer Entertainment,0,0,0.02,0,0.02,"Regional Alternate - Merged with above corresponding record to avoid double-counting, determined that they represent the same release. "
3332,Naruto: Ultimate Ninja,PS2,2003,Fighting,Atari,0.5,0.02,0,0.08,0.61,"Regional Alternate - Merged with below corresponding record to avoid double-counting, determined that they represent the same release. "
5619,Naruto: Ultimate Ninja (JP sales),PS2,2003,Fighting,Atari,0,0,0.32,0,0.32,"Regional Alternate - Merged with above corresponding record to avoid double-counting, determined that they represent the same release. "
4481,Naruto: Ultimate Ninja 3,PS2,2005,Fighting,Atari,0.36,0.01,0,0.06,0.44,"Regional Alternate - Merged with below corresponding record to avoid double-counting, determined that they represent the same release. "
5227,Naruto: Ultimate Ninja 3 (JP sales),PS2,2005,Fighting,Atari,0,0,0.36,0,0.36,"Regional Alternate - Merged with above corresponding record to avoid double-counting, determined that they represent the same release. "
6490,Naruto: Ultimate Ninja Heroes,PSP,2006,Fighting,Namco Bandai Games,0.26,0,0,0,0.26,"Regional Alternate - Merged with below corresponding record to avoid double-counting, determined that they represent the same release. "
12299,Naruto: Ultimate Ninja Heroes (JP sales),PSP,2006,Fighting,Namco Bandai Games,0,0,0.06,0,0.06,"Regional Alternate - Merged with above corresponding record to avoid double-counting, determined that they represent the same release. "
3494,Naruto: Uzumaki Chronicles 2,PS2,2006,Action,Namco Bandai Games,0.28,0.22,0,0.07,0.58,"Regional Alternate - Merged with below corresponding record to avoid double-counting, determined that they represent the same release. "
13320,Naruto: Uzumaki Chronicles 2 (JP sales),PS2,2006,Action,Namco Bandai Games,0,0,0.05,0,0.05,"Regional Alternate - Merged with above corresponding record to avoid double-counting, determined that they represent the same release. "
16517,National Geographic Panda (JP sales),DS,2008,Simulation,Ubisoft,0,0,0.01,0,0.01,"Regional Alternate - Merged with below corresponding record to avoid double-counting, determined that they represent the same release. "
13457,National Geographic Panda (US sales),DS,2008,Simulation,Ubisoft,0.04,0,0,0,0.04,"Regional Alternate - Merged with above corresponding record to avoid double-counting, determined that they represent the same release. "
12012,Point Blank DS (JP sales),DS,2006,Shooter,Atari,0,0,0.07,0,0.07,"Regional Alternate - Merged with below corresponding record to avoid double-counting, determined that they represent the same release. "
12739,Point Blank DS (US sales),DS,2006,Shooter,Atari,0.05,0,0,0,0.06,"Regional Alternate - Merged with above corresponding record to avoid double-counting, determined that they represent the same release. "
12557,Pop Cutie! Street Fashion Simulation,DS,2008,Simulation,Tecmo Koei,0.06,0,0,0,0.06,"Regional Alternate - Merged with below corresponding record to avoid double-counting, determined that they represent the same release. "
14836,Pop Cutie! Street Fashion Simulation (JP sales),DS,2008,Simulation,Tecmo Koei,0,0,0.03,0,0.03,"Regional Alternate - Merged with above corresponding record to avoid double-counting, determined that they represent the same release. "
12611,PoPoLoCrois,PSP,2005,Role-Playing,Ignition Entertainment,0.05,0,0,0,0.06,"Regional Alternate - Merged with below corresponding record to avoid double-counting, determined that they represent the same release. "
11396,PoPoLoCrois (JP sales),PSP,2005,Role-Playing,Ignition Entertainment,0,0,0.08,0,0.08,"Regional Alternate - Merged with above corresponding record to avoid double-counting, determined that they represent the same release. "
10922,Puyo Pop Fever (JP sales),DS,2004,Puzzle,Ignition Entertainment,0,0,0.09,0,0.09,"Regional Alternate - Merged with below corresponding record to avoid double-counting, determined that they represent the same release. "
14083,Puyo Pop Fever(us sales),DS,2004,Puzzle,Ignition Entertainment,0.03,0,0,0,0.04,"Regional Alternate - Merged with above corresponding record to avoid double-counting, determined that they represent the same release. "
12178,R-Type Command,PSP,2007,Strategy,Rising Star Games,0.05,0,0.01,0.01,0.07,"Regional Alternate - Merged with below corresponding record to avoid double-counting, determined that they represent the same release. The below record appears to be a correction for the US-sales, so the new merged row will reflect that value."
13897,R-Type Command (correct US sales),PSP,2007,Strategy,Rising Star Games,0.04,0,0,0,0.04,"Regional Alternate - Merged with above corresponding record to avoid double-counting, determined that they represent the same release. This record appears to be a correction for the US-sales of the above record, so the new merged row will reflect that value."
3551,RalliSport Challenge,XB,2002,Racing,Microsoft Game Studios,0.39,0.16,0,0.02,0.57,"Regional Alternate - Merged with below corresponding record to avoid double-counting, determined that they represent the same release. "
16328,RalliSport Challenge(JP sales),XB,2002,Racing,Microsoft Game Studios,0,0,0.01,0,0.01,"Regional Alternate - Merged with above corresponding record to avoid double-counting, determined that they represent the same release. "
14291,Raw Danger!,PS2,2006,Action,505 Games,0.02,0.01,0,0,0.03,"Regional Alternate - Merged with below corresponding record to avoid double-counting, determined that they represent the same release. "
12619,Raw Danger! (JP sales),PS2,2006,Action,505 Games,0,0,0.06,0,0.06,"Regional Alternate - Merged with above corresponding record to avoid double-counting, determined that they represent the same release. "
14970,Rengoku II: The Stairway To H.E.A.V.E.N.,PSP,2006,Action,Konami Digital Entertainment,0.02,0,0,0,0.02,"Regional Alternate - Merged with below corresponding record to avoid double-counting, determined that they represent the same release. "
16026,Rengoku II: The Stairway to H.E.A.V.E.N. (jp sales),PSP,2006,Action,Konami Digital Entertainment,0,0,0.01,0,0.01,"Regional Alternate - Merged with above corresponding record to avoid double-counting, determined that they represent the same release. "
10027,Retro Game Challenge,DS,2007,Action,Namco Bandai Games,0,0,0.11,0,0.11,"Regional Alternate - Merged with below corresponding record to avoid double-counting, determined that they represent the same release. "
10741,Retro Game Challenge (US sales),DS,2007,Action,Namco Bandai Games,0.1,0,0,0,0.1,"Regional Alternate - Merged with above corresponding record to avoid double-counting, determined that they represent the same release. "
14272,River King: Mystic Valley (jp sales),DS,2007,Sports,Rising Star Games,0,0,0.03,0,0.03,"Regional Alternate - Merged with below corresponding record to avoid double-counting, determined that they represent the same release. "
11855,River King: Mystic Valley (US sales),DS,2007,Sports,Rising Star Games,0.07,0,0,0,0.07,"Regional Alternate - Merged with above corresponding record to avoid double-counting, determined that they represent the same release. "
16334,Rondo of Swords (jp sales),DS,2007,Role-Playing,Success,0,0,0.01,0,0.01,"Regional Alternate - Merged with below corresponding record to avoid double-counting, determined that they represent the same release. "
8617,Rondo of Swords (US sales),DS,2007,Role-Playing,Success,0.16,0,0,0,0.16,"Regional Alternate - Merged with above corresponding record to avoid double-counting, determined that they represent the same release. "
8842,Samurai Shodown Anthology,PS2,2008,Fighting,Ignition Entertainment,0.07,0.06,0,0.02,0.15,"Regional Alternate - Merged with below corresponding record to avoid double-counting, determined that they represent the same release. "
16057,Samurai Shodown Anthology (JP sales),PS2,2008,Fighting,Ignition Entertainment,0,0,0.01,0,0.01,"Regional Alternate - Merged with above corresponding record to avoid double-counting, determined that they represent the same release. "
11190,Samurai Warriors 2: Xtreme Legends,PS2,2007,Action,Tecmo Koei,0.04,0.03,0,0.01,0.09,"Regional Alternate - Merged with below corresponding record to avoid double-counting, determined that they represent the same release. "
5557,Samurai Warriors 2: Xtreme Legends (JP sales),PS2,2007,Action,Tecmo Koei,0,0,0.33,0,0.33,"Regional Alternate - Merged with above corresponding record to avoid double-counting, determined that they represent the same release. "
9387,Shin Megami Tensei: Devil Summoner 2 - Raidou Kuzunoha vs. King Abaddon,PS2,2008,Role-Playing,Atlus,0.07,0.05,0,0.02,0.13,"Regional Alternate - Merged with below corresponding record to avoid double-counting, determined that they represent the same release. "
8407,Shin Megami Tensei: Devil Summoner 2 - Raidou Kuzunoha vs. King Abaddon (JP sales),PS2,2008,Role-Playing,Atlus,0,0,0.17,0,0.17,"Regional Alternate - Merged with above corresponding record to avoid double-counting, determined that they represent the same release. "
4374,Shin Megami Tensei: Persona 3,PS2,2006,Role-Playing,Tecmo Koei,0.22,0.03,0,0.2,0.45,"Regional Alternate - Merged with below corresponding record to avoid double-counting, determined that they represent the same release. "
7459,Shin Megami Tensei: Persona 3 (jp sales),PS2,2006,Role-Playing,Tecmo Koei,0,0,0.21,0,0.21,"Regional Alternate - Merged with above corresponding record to avoid double-counting, determined that they represent the same release. "
5301,SimCity Creator,DS,2008,Simulation,Electronic Arts,0.3,0.03,0,0.03,0.35,"Regional Alternate - Merged with below corresponding record to avoid double-counting, determined that they represent the same release. "
8175,SimCity Creator (JP sales),DS,2008,Simulation,Electronic Arts,0,0,0.18,0,0.18,"Regional Alternate - Merged with above corresponding record to avoid double-counting, determined that they represent the same release. "
7928,SoulCalibur Legends,Wii,2007,Action,Namco Bandai Games,0.16,0.01,0,0.01,0.19,"Regional Alternate - Merged with below corresponding record to avoid double-counting, determined that they represent the same release. "
16154,SoulCalibur Legends (JP sales),Wii,2007,Action,Namco Bandai Games,0,0,0.01,0,0.01,"Regional Alternate - Merged with above corresponding record to avoid double-counting, determined that they represent the same release. "
8276,Sudoku Gridmaster,DS,2006,Puzzle,Nintendo,0.13,0.03,0,0.01,0.17,"Regional Alternate - Merged with below corresponding record to avoid double-counting, determined that they represent the same release. "
7917,Sudoku Gridmaster (JP sales),DS,2006,Puzzle,Nintendo,0,0,0.19,0,0.19,"Regional Alternate - Merged with above corresponding record to avoid double-counting, determined that they represent the same release. "
9065,Super Dodgeball Brawlers,DS,2008,Sports,Arc System Works,0.13,0,0,0.01,0.14,"Regional Alternate - Merged with below corresponding record to avoid double-counting, determined that they represent the same release. "
14211,Super Dodgeball Brawlers (jp sales),DS,2008,Sports,Arc System Works,0,0,0.03,0,0.03,"Regional Alternate - Merged with above corresponding record to avoid double-counting, determined that they represent the same release. "
11392,Super Robot Taisen OG Saga: Endless Frontier,DS,2008,Role-Playing,Namco Bandai Games,0.08,0,0,0.01,0.08,"Regional Alternate - Merged with below corresponding record to avoid double-counting, determined that they represent the same release. "
9030,Super Robot Taisen OG Saga: Endless Frontier (JP sales),DS,2008,Role-Playing,Namco Bandai Games,0,0,0.14,0,0.14,"Regional Alternate - Merged with above corresponding record to avoid double-counting, determined that they represent the same release. "
16416,The Godfather (JP sales),X360,2006,Action,Electronic Arts,0,0,0.01,0,0.01,"Regional Alternate - Merged with below corresponding record to avoid double-counting, determined that they represent the same release. "
6864,The Godfather (US & Others sales),X360,2006,Action,Electronic Arts,0.2,0.02,0,0.02,0.24,"Regional Alternate - Merged with above corresponding record to avoid double-counting, determined that they represent the same release. "
7543,The King of Fighters Collection: The Orochi Saga,PS2,2006,Fighting,Ignition Entertainment,0.1,0.08,0,0.03,0.2,"Regional Alternate - Merged with below corresponding record to avoid double-counting, determined that they represent the same release. "
15602,The King of Fighters Collection: The Orochi Saga (JP sales),PS2,2006,Fighting,Ignition Entertainment,0,0,0.02,0,0.02,"Regional Alternate - Merged with above corresponding record to avoid double-counting, determined that they represent the same release. "
10745,Touch Detective,DS,2006,Adventure,505 Games,0.06,0.03,0,0.01,0.1,"Regional Alternate - Merged with below corresponding record to avoid double-counting, determined that they represent the same release. "
15628,Touch Detective (JP sales),DS,2006,Adventure,505 Games,0,0,0.02,0,0.02,"Regional Alternate - Merged with above corresponding record to avoid double-counting, determined that they represent the same release. "
11419,Ultimate Ghosts 'n Goblins,PSP,2006,Platform,Capcom,0.07,0.01,0,0.01,0.08,"Regional Alternate - Merged with below corresponding record to avoid double-counting, determined that they represent the same release. "
13263,Ultimate Ghosts 'n Goblins (JP sales),PSP,2006,Platform,Capcom,0,0,0.05,0,0.05,"Regional Alternate - Merged with above corresponding record to avoid double-counting, determined that they represent the same release. "
14953,Virtua Tennis: World Tour (jp sales),PSP,2005,Sports,Sega,0,0,0.02,0,0.02,"Regional Alternate - Merged with below corresponding record to avoid double-counting, determined that they represent the same release. "
3029,Virtua Tennis: World Tour (US & Others sales),PSP,2005,Sports,Sega,0.16,0.36,0,0.14,0.67,"Regional Alternate - Merged with above corresponding record to avoid double-counting, determined that they represent the same release. "
12473,Warriors of the Lost Empire,PSP,2007,Role-Playing,Mercury Games,0.05,0,0,0.01,0.06,"Regional Alternate - Merged with below corresponding record to avoid double-counting, determined that they represent the same release. "
15162,Warriors of the Lost Empire (JP sales),PSP,2007,Role-Playing,Mercury Games,0,0,0.02,0,0.02,"Regional Alternate - Merged with above corresponding record to avoid double-counting, determined that they represent the same release. "
9572,Warriors Orochi 2,PS2,2008,Action,Tecmo Koei,0.06,0.05,0,0.02,0.13,"Regional Alternate - Merged with below corresponding record to avoid double-counting, determined that they represent the same release. "
4808,Warriors Orochi 2 (JP sales),PS2,2008,Action,Tecmo Koei,0,0,0.4,0,0.4,"Regional Alternate - Merged with above corresponding record to avoid double-counting, determined that they represent the same release. "
6191,Wild ARMs 5,PS2,2006,Role-Playing,505 Games,0.14,0.11,0,0.04,0.28,"Regional Alternate - Merged with below corresponding record to avoid double-counting, determined that they represent the same release. "
9714,Wild ARMs 5 (jp sales),PS2,2006,Role-Playing,505 Games,0,0,0.12,0,0.12,"Regional Alternate - Merged with above corresponding record to avoid double-counting, determined that they represent the same release. "
4924,Yoshi Touch & Go,DS,2005,Platform,Nintendo,0.34,0.02,0,0.03,0.39,"Regional Alternate - Merged with below corresponding record to avoid double-counting, determined that they represent the same release. "
7284,Yoshi Touch & Go (JP sales),DS,2005,Platform,Nintendo,0,0,0.22,0,0.22,"Regional Alternate - Merged with above corresponding record to avoid double-counting, determined that they represent the same release. "
10477,Yu-Gi-Oh! 5D's Wheelie Breakers,Wii,2009,Racing,Konami Digital Entertainment,0.09,0.01,0,0.01,0.1,"Regional Alternate - Merged with below corresponding record to avoid double-counting, determined that they represent the same release. Publisher verified as Konami Digital Entertainment, release year verified as 2009. "
15479,Yu-Gi-Oh! 5D's Wheelie Breakers (JP sales),Wii,N/A,Racing,Unknown,0,0,0.02,0,0.02,"Regional Alternate - Merged with above corresponding record to avoid double-counting, determined that they represent the same release. Publisher verified as Konami Digital Entertainment, release year verified as 2009. "
7141,Yu-Gi-Oh! GX: Spirit Caller (American Sales),DS,2006,Misc,Konami Digital Entertainment,0.18,0.03,0,0.02,0.22,"Regional Alternate - Merged with below corresponding record to avoid double-counting, determined that they represent the same release. "
13167,Yu-Gi-Oh! GX: Spirit Caller (Japan Sales),DS,2006,Misc,Konami Digital Entertainment,0,0,0.05,0,0.05,"Regional Alternate - Merged with above corresponding record to avoid double-counting, determined that they represent the same release. "
15554,Yu-Gi-Oh! GX: The Beginning of Destiny (JP sales),PS2,2007,Strategy,Konami Digital Entertainment,0,0,0.02,0,0.02,"Regional Alternate - Merged with below corresponding record to avoid double-counting, determined that they represent the same release. "
10924,Yu-Gi-Oh! GX: The Beginning of Destiny (US sales),PS2,2007,Strategy,Konami Digital Entertainment,0.05,0.04,0,0.01,0.09,"Regional Alternate - Merged with above corresponding record to avoid double-counting, determined that they represent the same release. "
9230,Yu-Gi-Oh! Nightmare Troubadour (JP sales),DS,2005,Action,Konami Digital Entertainment,0,0.04,0.1,0,0.14,"Regional Alternate - Merged with below corresponding record to avoid double-counting, determined that they represent the same release. "
8946,Yu-Gi-Oh! Nightmare Troubadour (US sales),DS,2005,Action,Konami Digital Entertainment,0.15,0,0,0,0.15,"Regional Alternate - Merged with above corresponding record to avoid double-counting, determined that they represent the same release. "